Nowak Walerian;1234;dyrektor;walerian.nowak@gmail.com
Sowa Zbigniew;1234;pracownicy;zbigniew.sowa@gmail.com
Domańska Grażyna;1234;pracownicy;grażyna.domańska@gmail.com
Brobek Rafał;1234;pracownicy;rafał.brobek@gmail.com
Drozda Andrzej;1234;pracownicy;andrzej.drozda@gmail.com
Greczyn Pelagia;1234;pracownicy;pelagia.greczyn@gmail.com
Jadziak Andrzej;1234;pracownicy;andrzej.jadziak@gmail.com
Kobek Rafał;1234;pracownicy;rafał.kobek@gmail.com
Komornicki Michał;1234;pracownicy;michał.komornicki@gmail.com
Komos Michał;1234;pracownicy;michał.komos@gmail.com
Kowalski Tadeusz;1234;pracownicy;tadeusz.kowalski@gmail.com
Liczak Robert;1234;pracownicy;robert.liczak@gmail.com
Sulik Wiktor;1234;pracownicy;wiktor.sulik@gmail.com
Dąbrowska Wioletta;1234;pracownicy;wioletta.dąbrowska@gmail.com
Kaczmarczyk Urszula;1234;pracownicy;urszula.kaczmarczyk@gmail.com
Żeligowski Edward;1234;pracownicy;edward.żeligowski@gmail.com
Gruda Barbara;1234;pracownicy;barbara.gruda@gmail.com
Policka Krystyna;1234;pracownicy;krystyna.policka@gmail.com
Jolecka Jadwiga;1234;pracownicy;jadwiga.jolecka@gmail.com
Kąkol Zbigniew;1234;pracownicy;zbigniew.kąkol@gmail.com
Kiszewska Barbara;1234;pracownicy;barbara.kiszewska@gmail.com
Tuja Katarzyna;1234;dyrektor;katarzyna.tuja@gmail.com
Wróbel Rafał;1234;dyrektor;rafał.wróbel@gmail.com
Koja Wiesław;1234;administrator;wiesław.koja@gmail.com
